{
  "project_info": {
    "project_number": "825463453999",
    "firebase_url": "https://project1-dd2a7-default-rtdb.firebaseio.com",
    "project_id": "project1-dd2a7",
    "storage_bucket": "project1-dd2a7.appspot.com"
  },
  "client": [
    {
      "client_info": {
        "mobilesdk_app_id": "1:825463453999:android:a700d22cf129d03ba489da",
        "android_client_info": {
          "package_name": "com.example.infopendakiangunung"
        }
      },
      "oauth_client": [
        {
          "client_id": "825463453999-3or90q7jqmkilnl94eks8hu5i8a883jl.apps.googleusercontent.com",
          "client_type": 3
        }
      ],
      "api_key": [
        {
          "current_key": "AIzaSyDu9Iem2-PMxb9WiJsESkx1CUpGr1hSgQ4"
        }
      ],
      "services": {
        "appinvite_service": {
          "other_platform_oauth_client": [
            {
              "client_id": "825463453999-3or90q7jqmkilnl94eks8hu5i8a883jl.apps.googleusercontent.com",
              "client_type": 3
            }
          ]
        }
      }
    },
    {
      "client_info": {
        "mobilesdk_app_id": "1:825463453999:android:6e06f5b06b13d539a489da",
        "android_client_info": {
          "package_name": "com.example.proyek484086"
        }
      },
      "oauth_client": [
        {
          "client_id": "825463453999-3or90q7jqmkilnl94eks8hu5i8a883jl.apps.googleusercontent.com",
          "client_type": 3
        }
      ],
      "api_key": [
        {
          "current_key": "AIzaSyDu9Iem2-PMxb9WiJsESkx1CUpGr1hSgQ4"
        }
      ],
      "services": {
        "appinvite_service": {
          "other_platform_oauth_client": [
            {
              "client_id": "825463453999-3or90q7jqmkilnl94eks8hu5i8a883jl.apps.googleusercontent.com",
              "client_type": 3
            }
          ]
        }
      }
    }
  ],
  "configuration_version": "1"
}